album_type,avg_reentry_position,avg_popularity,total_reentries
album,42.670378619153674,71.05567928730513,449
single,41.570274636510504,75.63166397415186,619
